id,Nome,Endereço,Salario,Cidade
1,Glenden Ollivierre,Apt 285,7463.69,Ronggui
2,Thomasine Headley,Room 1247,13774.41,Osasco
3,Hannie Winslett,Suite 3,14035.33,Lapachito
4,Livvie Burnhill,Room 164,14885.42,Soubré
5,Lemmy Sumsion,PO Box 73894,5233.19,Umpak
6,Vernen Armstrong,Room 1517,14943.36,Montpellier
7,Kip Sturdey,Apt 459,5120.72,Moravská Třebová
8,Gregorius Mattacks,Suite 51,14806.98,Yangfang
9,Ginger Barthel,Room 734,14183.0,Blagoevgrad
10,Sherline Emor,Apt 101,10903.11,Baolong
11,Winnifred Michieli,Room 610,13778.9,Wan’an
12,Leslie Gullane,6th Floor,4147.24,Karangora
13,Maurizio Melbury,Apt 965,4380.33,Carvalhal da Aroeira
14,Celesta Entwisle,Room 669,2297.0,Laojieji
15,Rhonda Merriday,Suite 22,10753.2,El Zapotal del Norte
16,Gery Wearden,Suite 16,6938.6,Tawaramoto
17,Merill Galier,PO Box 14922,9347.23,Chennevières-sur-Marne
18,Emalee Routley,Room 817,9659.51,La Gi
19,Adelaida Winkworth,Room 1174,4798.64,Baleal
20,Dorree Ledstone,Room 1783,10272.82,Ash Shiḩr
21,Fleming Hugues,18th Floor,7610.46,Kurchaloy
22,Eirena Mannion,PO Box 66307,14369.25,Kedungreja
23,Bea De La Haye,15th Floor,1696.62,Moulay Yacoub
24,Calypso Hobbing,17th Floor,8719.53,Palampal
25,Selig Daverin,Apt 970,9516.0,Moshiyi
26,Dermot Draaisma,PO Box 46866,13078.95,Jesenice
27,Georgi Barns,Room 1084,5966.62,Torres Novas
28,Baryram Trunks,Apt 1105,3029.14,Buchach
29,Rhona Liger,2nd Floor,2767.89,Huangjiazhai
30,Sapphira Gerleit,Suite 98,2298.85,Huangdi
31,Glennie Browne,Suite 24,8977.25,Sapphaya
32,Ottilie Govinlock,Room 499,3406.57,Ford
33,Benedetta Theaker,Apt 1712,13916.61,Trenggulunan
34,Debby Ragsdall,Apt 732,7232.44,Sembalunbumbung
35,Madlin Spinetti,13th Floor,10552.69,Tafo
36,Hillyer Casson,Suite 37,7248.04,Pondaguitan
37,Homer Robiot,Suite 71,7752.53,Zárkos
38,Delila Keesman,PO Box 46579,2152.81,Qaxa
39,Marthena Compton,13th Floor,5094.78,Marki
40,Justin Dyzart,Apt 1552,3694.91,Salavan
41,Cortney Aggio,Room 1536,1736.22,Kristiansand S
42,Koressa Playle,Room 1091,9422.15,Nkove
43,Drusi Bogace,Apt 1854,4125.01,Uppsala
44,Corey Bryers,Room 764,10153.94,Ibrā’
45,Jacintha Piscopiello,PO Box 7045,6095.65,Kurjan
46,Emmerich Dibbin,Apt 1580,2370.33,Qacha’s Nek
47,Clayton Lishmund,10th Floor,11965.98,Nenotes
48,Royce Amiranda,Apt 426,3696.16,Beit Horon
49,Isa Renny,Room 928,14430.1,Shisui
50,Bud Hulks,Suite 49,12934.42,Kembang
51,Dorelia McMurty,8th Floor,4931.74,Kaskinen
52,Caresse Mityushkin,Suite 45,9978.59,Xiping
53,Binnie Pelman,Suite 3,10282.75,Colombo
54,Gustav Daughtrey,Apt 1889,3845.22,Miejsce Piastowe
55,Brenden Comazzo,PO Box 24850,4671.5,Logovskoye
56,Fara Orpin,Suite 100,4192.11,Libertad
57,Allie O'Hagirtie,Room 498,14567.48,Zhoujiaba
58,Teddy Demko,Suite 63,6959.69,Racławice
59,Katrina Gonnelly,Apt 263,13843.31,Lugouqiao
60,Lacie Jozaitis,Room 1023,12035.36,Idalolong
61,Margareta Bromehed,Room 1576,6166.86,Xinjian
62,Loy Gier,Apt 1124,9559.65,Zhangdiyingzi
63,Malynda Font,Apt 1190,8158.24,Tucupido
64,Tab De Francisci,Room 1601,7727.98,Jetis
65,Lorain Cohane,PO Box 7051,4342.72,Štoky
66,Alisha Tatnell,Apt 1332,8293.81,Tizguine
67,Aridatha Lorent,PO Box 39166,9066.33,Kentau
68,Alanna Amaya,10th Floor,11206.48,Moroto
69,Sibyl Jepensen,Suite 33,9834.48,Poá
70,Harwell Cundy,PO Box 99249,10357.45,Sangiang
71,Danni Reek,19th Floor,9776.44,Cayara
72,Jolie Duke,Suite 84,3941.17,Limache
73,Lorenza McKennan,PO Box 17010,6431.4,Nîmes
74,Leeanne Andrault,PO Box 47727,7376.87,Veldhoven
75,Barrie Setterington,Room 1285,11405.58,Shypyntsi
76,Damaris Crookall,PO Box 36492,9150.77,Haikoudajie
77,Emylee Fraczek,Suite 31,4585.5,Blantyre
78,Teddy Giacobbo,Suite 8,9034.32,La Viña
79,Rance Charon,Suite 3,6126.3,Fukou
80,Anstice Isted,15th Floor,14300.35,Alangalang
81,Kimble Payze,PO Box 64198,11121.33,Telmin Suma
82,Christoper Aronoff,PO Box 83496,6088.67,Inawashiro
83,Vivie Risebrow,Suite 95,1930.25,Stockholm
84,Kevyn Avramovic,11th Floor,9274.93,Zaraza
85,Sadye Arnason,Apt 15,13229.58,Storvik
86,Kristen Elsley,Room 146,8494.33,Katabu
87,Alikee Birtwell,Apt 1453,7997.37,Verkh-Usugli
88,Marlee Perfili,PO Box 91319,1934.22,Anping
89,Petronella Waldram,16th Floor,8731.04,San Bernardo
90,Beatrice Michele,Suite 59,10846.53,Mets Parni
91,Casar Dyer,PO Box 55766,2000.36,Naurskaya
92,Ancell Shea,Apt 121,11611.73,Kuanheum
93,Teodor McKinnell,Room 362,6054.51,Batakte
94,Ive Gaisford,Apt 219,10715.55,Teminabuan
95,Ealasaid Penddreth,11th Floor,7660.25,Haghartsin
96,Gannon Draijer,Room 184,3280.73,Bigaa
97,Glenn Trathan,Suite 28,5061.89,San Justo
98,Helge Jedrzejczak,Suite 18,12825.03,Geshan
99,Kimberlyn Calven,19th Floor,1626.02,Serra D'El Rei
100,Torrin Withers,PO Box 16342,10304.61,Kassel
101,Eldon Korpal,Suite 88,3541.4,Baylo
102,Robina Brereton,PO Box 68042,13156.44,Mingora
103,Joy Pile,Room 989,7015.91,Dengzhou
104,Carolyne Bruyet,PO Box 50753,7478.34,Russkiy
105,Welsh O'Dogherty,2nd Floor,8056.3,Chetian
106,Darci Gallico,PO Box 42715,12912.1,Linghu
107,Dolly Ketley,18th Floor,13022.25,João Pinheiro
108,Milty Sams,Room 220,14035.87,Zoumaling
109,Paulita Bims,PO Box 31072,11345.04,Inuvik
110,Marketa Mattin,PO Box 40197,9903.13,Beijie
111,Garland Bothwell,Apt 1341,5935.57,Mora
112,Moina Wisedale,Room 531,9846.91,Hengfeng
113,Colly Blow,Apt 1196,12369.84,Itamaraju
114,Victoria Bennen,PO Box 51489,6205.9,Zhujiapu
115,Sheelagh Dovydenas,4th Floor,12017.19,Tsenher
116,Loralee Norbury,Suite 98,10308.74,Osiek
117,Consuelo Grog,Room 1222,9368.17,Wanjiazhuang
118,Lefty Danbury,Suite 50,9276.37,Hengdian
119,Lewiss Lampke,Suite 66,10763.31,Breu
120,Allison Joiner,PO Box 56982,3287.9,Xingguo
121,Adelbert Rothera,PO Box 90827,4005.57,Bribir
122,Thatch Andreia,Apt 84,6452.95,Maruoka
123,Wendell Hebdon,PO Box 99671,11417.9,Blatná
124,Micki Coughlan,PO Box 13800,7348.86,Vestmannaeyjar
125,Prentiss Caps,Room 259,1448.06,Ndom
126,Charlotta Screas,PO Box 43330,13680.99,Juncalito Abajo
127,Abigael Stubley,Room 432,8147.5,Kokshetau
128,Cindy Jurca,Apt 1507,11992.7,Messina
129,Erny Verden,Apt 440,6978.72,Rabah
130,Adrien Gillian,Apt 1502,2069.85,Mulan
131,Sallyann Choffin,20th Floor,12208.11,Chengbei
132,Uri Vamplers,Room 852,12991.1,Mariestad
133,Vivyanne Bremeyer,PO Box 31410,11149.92,Piggotts
134,Ardelle Longmead,2nd Floor,12530.44,Huoshaodian
135,Nancy Mauchlen,Apt 936,9836.16,Krajan Kulon
136,Worthy Deamer,Room 823,10408.03,Leleque
137,Erin Langlois,Suite 22,12165.58,Sishiba
138,Stacee Drinnan,Apt 1410,3302.55,Nanyuki
139,Burton Dorricott,PO Box 4347,3959.87,Quichuay
140,Correy Robiot,Apt 673,6194.37,Darong
141,Amelia Ambrogioli,Apt 267,10080.92,Henghe
142,De Kliesl,Suite 58,10181.79,Quinta
143,Costanza Van der Brugge,PO Box 7464,10805.8,Áno Liósia
144,Hazel Skilling,Suite 51,10406.44,Pendiqing
145,Vivyan Flucks,Apt 605,3302.51,Pirané
146,Benjamin McAughtry,PO Box 20668,9998.01,Norrtälje
147,Joleen Gaylor,Suite 45,14556.71,Trucuk
148,Ramon Pryer,PO Box 31618,13729.77,Vavatenina
149,Phedra Overal,Apt 1289,1451.67,Zaragoza
150,Ajay Josefer,17th Floor,2940.54,Bilao
151,Rhys Labusquiere,7th Floor,5689.93,Fray Bentos
152,Gilly Bartolomeu,PO Box 44209,14807.82,Jiangkou
153,Celine Lehrian,Suite 40,12327.61,Tiantang
154,Otes McLugaish,Room 288,3180.14,Xialaba
155,Aubine Davitt,18th Floor,6009.97,Kingscourt
156,Concettina Brigden,Room 825,11904.75,Tilburg
157,Cherida Widdocks,19th Floor,5076.97,Sikeshu
158,Nananne Banasevich,Room 32,4270.68,Jintang
159,Leora Olechnowicz,PO Box 79514,6632.97,Sadao
160,Corabella Cornfield,Apt 1112,7951.24,Shinao
161,Lexi Esler,Apt 1299,11464.19,Eastern Suburbs Mc
162,Brocky Malan,Room 1265,2993.19,Hanam
163,Lucita Arderne,Room 1625,9805.3,Maykor
164,Carlotta Herries,Apt 348,6727.67,Shihuajian
165,Mildrid Womersley,Room 599,7714.07,Oum Hadjer
166,Dill Birney,Room 191,3354.11,Miaoyu
167,Poul Abotson,Room 1462,7113.46,Sarāb
168,Tristan De Leek,Suite 61,11814.78,Parista
169,Ezmeralda Tolotti,PO Box 73270,7019.79,Sankanan
170,Maribelle Grewar,Room 1169,5325.1,Tipaz
171,Barclay Dunphy,17th Floor,10057.1,Mişrātah
172,Guillaume Briscoe,Apt 106,2457.48,Abuxarda
173,Cyndi Vel,2nd Floor,5802.89,Beppu
174,Honey Duffit,Suite 86,11927.41,Tikhvin
175,Normie Jaggar,PO Box 69941,6806.14,Tenjolaya
176,Abba Farrow,7th Floor,7366.27,Dubovka
177,Jessy Lewer,Suite 28,9506.83,Cahabón
178,Puff Courtonne,1st Floor,3427.41,Uście Gorlickie
179,Brett Lovick,Room 757,10933.94,Camagüey
180,Ethelin Pharo,PO Box 75152,1632.89,Fergana
181,Clive Mattys,PO Box 50884,11190.02,Vila Franca de Xira
182,Ali Nekrews,PO Box 86324,8207.44,Chacapalpa
183,Tiffy Humphery,3rd Floor,7251.06,Ganjaran
184,Rikki Peachman,8th Floor,9653.46,Brandýs nad Labem-Stará Boleslav
185,Maurice Cuddon,PO Box 45950,9784.43,Altamira
186,Ginevra Tather,Room 1404,10170.46,São Bento
187,Abbey Wiffield,Apt 385,3242.45,Bystrzyca
188,Kaleena Staddon,18th Floor,12418.91,Rautjärvi
189,Sigrid Grimmer,7th Floor,3839.63,Čelopek
190,Ashleigh Chastel,Apt 492,10541.46,Kavýli
191,Ibby Weepers,Suite 7,9293.39,Banisilan
192,Olenolin Rentoll,4th Floor,9125.88,Solnechnogorsk
193,Corrie McFarland,Room 521,11840.9,Ambovombe
194,Loreen Rought,Room 880,10074.38,Föglö
195,Courtnay Sliman,Suite 89,2886.6,Dalianhe
196,Lorena Caban,PO Box 86421,12139.85,Nanjie
197,Rowan Leipold,Apt 1683,5477.12,Padabeunghar
198,Haley Kulic,Room 1460,6877.57,Yong’an
199,Wolfgang Bretelle,Suite 70,1905.34,Xijiang
200,Nathanael Elintune,Suite 64,7340.91,Longtan
201,Garret Pelz,Suite 97,12306.04,Hamburg
202,Ariel Dash,16th Floor,7215.28,Bayanbulag
203,Radcliffe de Werk,Apt 609,14571.95,Ardirejo
204,Paten Osbaldeston,Apt 890,13388.02,Selebi-Phikwe
205,Claresta Lougheed,Room 1264,7344.5,Zoumi
206,Truda Sandercock,Room 66,6949.45,Camilaca
207,Kerianne O'Shevlin,7th Floor,11040.47,Chantilly
208,Kenny Terzza,Room 803,12113.8,Lyon
209,Ab Pentercost,PO Box 31246,3578.25,Simpang
210,Margi Saker,Apt 1784,5377.89,Mazamet
211,Verne Scammell,Apt 955,14173.83,Huertas
212,Karry Howroyd,PO Box 44357,5633.24,Zhangdan
213,Roseanna McCritichie,13th Floor,12135.76,Bunawan
214,Hilario Burchett,Suite 98,1792.16,Gritsovskiy
215,Haywood Castles,13th Floor,5378.49,Vista Hermosa
216,Kessia Chattoe,Suite 47,10040.55,Palestina
217,Cristi Stenyng,Suite 87,10228.83,Barru
218,Cordy Rosenbaum,PO Box 47814,6740.39,Sampungu
219,Bax Yesson,PO Box 49450,9818.01,Skópelos
220,Nanette Tessyman,Room 863,12640.86,Berea
221,Kriste Brokenshaw,20th Floor,11727.65,Liangcunchang
222,Jan Quartermain,4th Floor,6004.2,Satipo
223,Jason Chartman,Room 1720,2841.66,Santa Cruz del Sur
224,Jessika Georgeon,PO Box 14670,7964.06,Atlanta
225,Etan Jossum,Room 270,14683.74,Pangkalan
226,Jareb Corkett,PO Box 5697,12044.85,Xinshi
227,Mahala Steer,15th Floor,7796.96,Malhiao
228,Aron Limbert,Apt 1775,5261.98,Amman
229,Cesaro Dongles,PO Box 65358,14874.02,Shu
230,Joaquin Moens,Room 1363,11005.83,Yingde’er
231,Milo Reary,Suite 11,4043.84,Sila Lat
232,Cecilio Oleszcuk,Suite 39,3251.61,Xidoupu
233,Carson Cadney,Apt 27,13796.77,Kakegawa
234,Rudolf Bastin,Room 936,1601.67,Huochezhan
235,Murdoch Scurrah,Suite 88,1562.05,Āsbe Teferī
236,Leanna Donegan,14th Floor,11426.3,Spirovo
237,Celisse O'Scully,15th Floor,11427.87,Kumla
238,Berne Nichol,Apt 200,7981.03,Whittlesea
239,Darcie Mariette,Room 528,3036.81,Kourou
240,Hillie Macia,PO Box 86397,5229.56,Wuyang
241,Lars Fawdrey,20th Floor,1898.91,Senneterre
242,Lynnell Gunner,PO Box 73836,14221.84,Sinjhoro
243,Annabell Marchington,Room 960,2650.83,Leppävirta
244,Sidney Brombell,Suite 36,8562.31,Huochezhan
245,Josie Verlander,Apt 434,1665.59,Talas
246,Hussein Dencs,Apt 1909,8933.77,Siva
247,Kippie Holley,PO Box 81225,5325.22,Numeto
248,Evangelia Bartolini,PO Box 61687,5039.44,Penedo
249,Emlyn Gowan,Apt 1505,1620.4,Karanggeneng
250,Aloin Thackston,19th Floor,10568.05,Oued Zem
251,Antoine Cinderey,15th Floor,3560.43,Fuzhiping
252,Chevalier Ferrero,Suite 35,5091.38,Mandeni
253,Kipp Brockie,Apt 1763,7293.52,Chacarita
254,Teddie Dimitrie,Suite 39,12866.22,Migori
255,Jacky Biaggioni,Room 634,14854.39,Hamburg
256,Rodrique Mallon,Suite 20,8247.12,Liyuan
257,Merissa O'Hederscoll,Suite 82,5525.3,Salinggara
258,Manny Colton,Suite 34,13924.54,Taiping
259,Sanders Hodinton,PO Box 45754,4331.94,Lewotola
260,Jenilee Piel,Suite 42,14648.12,Taihe Chengguanzhen
261,Urbain Alcalde,Room 1988,5082.58,Moncton
262,Annetta Melbourn,Suite 59,14434.26,Diaoling
263,Anastasie Seine,Room 1194,3054.86,Arbais
264,Nerissa De Beauchemp,3rd Floor,6306.17,Savannah
265,Samuel Gamil,Room 1860,12139.99,Martigues
266,Elysee Colin,Room 1441,11680.98,Otlja
267,Gonzales Mc Ilwrick,Suite 73,9253.07,San José
268,Shem Bouldon,Room 961,3185.45,Makumbako
269,Madlin Bauckham,Room 1415,2334.53,Suwałki
270,Abbe Maxwale,Apt 1825,13834.74,Kepuh
271,Caty McCaster,16th Floor,4502.27,Seattle
272,Demetris Burleigh,Apt 393,7183.41,Lewolang
273,Stacee McGeachey,Apt 1718,14917.86,London
274,Leela Jost,Apt 1180,12964.24,Al Qanāwiş
275,Lelah Chilton,PO Box 19565,5083.85,Liangshan
276,Thedric Attoc,Suite 61,2211.83,Udon Thani
277,Shandeigh King,Suite 61,13724.28,Eindhoven
278,Tonie Marquez,Apt 1622,3681.0,Pavlovka
279,Wendi Reynault,Apt 381,12877.89,Carleton Place
280,Elise Warricker,PO Box 95651,13704.21,Mababanaba
281,Gustie Arton,20th Floor,6433.61,Buffalo
282,Kahlil Harkin,Apt 1766,12503.41,Pacaraos
283,Heywood Shakesby,Apt 80,5400.48,Gapan
284,Maxie Currer,13th Floor,8143.79,Předměřice nad Labem
285,Murray Dickin,10th Floor,10660.96,Port Hawkesbury
286,Daria Frankham,Apt 1850,8771.54,Vällingby
287,Kellen Wellsman,PO Box 22466,9556.47,Songkar B
288,Morse Walsh,Suite 11,13675.34,Tân Hiệp
289,Viva Lenoir,15th Floor,6930.88,Santiago
290,Maryellen Arrowsmith,18th Floor,9435.12,Jiangjia
291,Babb Hurford,Suite 18,6957.23,Thun
292,Saidee Soles,Apt 528,14034.28,Hehu
293,Aviva Gillanders,Suite 55,14939.43,Dongcun
294,Jonah McKew,Suite 94,9902.53,Galatás
295,Lanni Sycamore,Apt 1743,9614.49,Dongling
296,Pauly Roussell,Room 1387,1799.26,Golčův Jeníkov
297,Stephie Bellino,Apt 1922,9058.18,Rio Covo
298,Sebastiano Shuttlewood,Room 228,10957.93,Orange Farm
299,Esteban Smyley,PO Box 43584,5022.04,Nice
300,Nerte Dowden,Suite 69,5336.58,Charxin
301,Marita Unworth,PO Box 90291,9538.58,Xiaba
302,Harriett Hein,Room 1909,13521.28,Bradford
303,Ricca McGrayle,Suite 70,7920.01,Songbo
304,Bartlett Diggons,12th Floor,10378.07,Charlestown
305,Dennie Packman,Suite 18,8761.87,Żarki
306,Kirby Humphery,Apt 524,14227.18,Hejiayan
307,Lorrie Aldine,PO Box 12527,6282.66,Harstad
308,Evita Jean,PO Box 14780,11548.86,Poroj
309,Melantha Gerrish,Apt 1353,3824.45,Pudoc
310,Maureen Laurisch,Apt 1877,10915.6,Sam Phran
311,Antoinette France,PO Box 5649,7699.67,Petaling Jaya
312,Adella Nisby,Room 1857,6634.74,Krasne
313,Ericha Stolberg,Room 1579,12243.08,Anzhero-Sudzhensk
314,Killie Speeks,PO Box 6269,6615.37,Caigangan
315,Camila Jovicevic,Room 948,4944.34,Cercal
316,Giselle Tyreman,Suite 23,9399.92,Oltinko’l
317,Vyky Borsay,11th Floor,2416.12,Pitumarca
318,Malchy Allonby,PO Box 88057,13583.78,Pertunmaa
319,Stacie Gurnett,Apt 545,11977.55,Ma Đa Gui
320,Ollie Origan,Room 690,6621.58,Paradyż
321,Alene Solon,Suite 11,12918.82,Luotaping
322,Cherilyn Theriot,Suite 4,7174.61,Markaz-e Ḩukūmat-e Darwēshān
323,Herc Dye,Suite 55,14982.5,Domampot
324,Belita McCamish,Suite 35,7053.7,Jiulongshan
325,Allegra Grieswood,Apt 212,10438.71,Pagak Kulon
326,Christian Boxall,Apt 1119,7618.3,Victoria
327,Fina Bartoleyn,Apt 265,6659.4,Huangyang
328,Val Haseman,6th Floor,5658.44,Brades
329,Tate Blurton,12th Floor,10412.98,Smoky Lake
330,Francklin Raffan,Apt 976,10976.86,Munjungan
331,Christi Jelfs,Room 918,10607.92,Santo Antônio do Içá
332,Iona Capes,17th Floor,12356.92,Limonade
333,Ingmar Ferebee,Room 1810,3337.27,Emplak
334,Gan Kunrad,Apt 1210,5680.68,Layog
335,Melicent Batrip,PO Box 50267,12135.55,Liuji
336,Carry Tolomio,Apt 1633,5467.07,Novyy Oskol
337,Honey Dobson,6th Floor,1839.74,Novomoskovs’k
338,Phebe Tatam,Apt 884,5274.71,Verkhniy Lomov
339,Robinson Reddin,Suite 93,2110.35,Bobo-Dioulasso
340,Katalin Bellee,14th Floor,11664.0,Anzihao
341,Myrwyn Midlar,Apt 386,1756.2,Tokushima-shi
342,Adelind Hatherell,PO Box 21434,7061.95,Żółkiewka
343,Cynde Heinsen,4th Floor,3572.31,Bundoc
344,Wilton Penman,12th Floor,7252.03,Ketovo
345,Myrah Doodney,PO Box 3775,8382.75,Visoko
346,Jane Eamer,11th Floor,12411.38,Mykolayiv
347,Josie Cuthbert,Apt 1962,6892.73,Cagayan
348,Richmond Wadeson,Room 92,1767.79,Ban Lam Luk Ka
349,Adriane Bartell,Apt 1462,2911.92,Farasān
350,Kesley Darwen,Suite 37,3649.09,Inhambupe
351,Gerry L'Archer,Apt 597,7698.54,Al Tuḩaytā’
352,Theobald Ongin,PO Box 8081,4270.4,Changzhou
353,Quincy Rabbe,Room 690,8135.59,Limache
354,Edithe Strauss,8th Floor,10485.89,Donglinxi
355,Martainn Libri,Suite 31,13243.09,Alavieska
356,Jaime Turone,Apt 1059,6255.69,Ocumare de la Costa
357,Merline Archdeckne,4th Floor,8204.3,Kimakamak
358,Gustavus McKelvie,PO Box 1565,5192.33,Baihua
359,Virgie Yakunikov,17th Floor,4161.47,Tchamba
360,Marja Fredi,Suite 9,6812.61,Tumba
361,Howey Howlings,6th Floor,13084.42,Ishimbay
362,Ashia Crone,PO Box 95262,9950.13,Ueki
363,Pen Schmuhl,Room 1984,3820.16,Pecna
364,Tilly Tompion,PO Box 88010,12407.53,Angochi
365,Romonda Barbrick,PO Box 72367,4140.45,Yiwa
366,Mathilda Paffett,16th Floor,6615.72,La Soledad
367,Geno Masser,Room 947,6308.44,Hoima
368,Brett Worwood,5th Floor,13815.1,Timurjaya
369,Donalt McDuffy,Suite 35,10608.18,Kenamoen
370,Tabor Wigin,Apt 1536,2317.59,Aoufous
371,Aurelie McKee,PO Box 41647,1913.8,Paritaman
372,Betsey Hemeret,4th Floor,3302.49,Ban Phaeo
373,Carmella Troker,4th Floor,14586.91,Labuhan
374,Salli Brabant,Room 1305,3689.93,Perdões
375,Raphaela Corston,Apt 1738,3784.42,Tsagaan-Olom
376,Scotty Mixon,Apt 538,4875.37,Ghauspur
377,Anselm Matuschek,13th Floor,12103.33,Jargalant
378,Riley Eneas,Room 1614,8929.14,Belmullet
379,Janelle Mcmanaman,PO Box 56064,4559.24,Catamayo
380,Russ Maybey,Room 573,14023.89,Pehčevo
381,Annabelle O'Cassidy,PO Box 27849,7909.77,Cuauhtemoc
382,Isiahi Cool,14th Floor,13147.22,Vila Nova da Baronia
383,Farrand Dominka,PO Box 42750,6824.19,Brongkalan
384,Town Furley,2nd Floor,9449.47,Bogandinskiy
385,Alfreda Sedgemore,PO Box 65035,10331.94,Gulrip’shi
386,Vikki Jacobson,Room 1880,1843.33,Krajan
387,Jasmin Petican,20th Floor,10908.56,Cihaurbeuti
388,Putnam Laying,PO Box 3077,2871.61,Cairo
389,Claire Collingdon,Suite 55,8841.99,Krajan Sidodadi
390,Yelena Ninnotti,Apt 1302,5113.71,Pallanchacra
391,Harlen Mycroft,Suite 52,11110.29,Qanliko’l
392,Fan Noads,Suite 87,10805.07,Tiecun
393,Sisile Caraher,PO Box 82752,2790.73,Kalimeneng
394,Sarajane Sea,15th Floor,10137.99,Kstovo
395,Christy Watkiss,Apt 1470,3967.68,Podivín
396,Allen Dyne,Room 1081,2644.58,Vicuña
397,Haydon Ketch,20th Floor,5697.56,Daxing
398,Alric Eggle,Suite 53,10346.76,Zhangzhen
399,Roy O'Malley,Room 88,13910.4,Wiang Nuea
400,Ange Hughson,Apt 1815,13491.73,Khuan Don
401,Lenna Bottrell,Suite 95,7979.13,Tiko
402,Pablo Law,Suite 77,9085.48,Zhoujiadian
403,Dorelle Dey,Suite 64,9283.63,Qingyuan
404,Basia Pinyon,Suite 95,3525.35,Frýdek-Místek
405,Georgeanna Morfell,Apt 1070,7619.84,Whitchurch
406,Sherlock Rollason,Room 251,5967.3,Vatutino
407,Kissee Volcker,PO Box 78290,14757.24,Xunjian
408,Jedidiah Cordeix,Room 86,11419.36,Oslo
409,Zora Drennan,Apt 98,11401.96,Yaté-Barrage
410,Benoite McNish,PO Box 53692,11088.46,Miami
411,Elnore Wellstead,Suite 47,5026.54,Liancheng
412,Brander Chesterton,Suite 51,3325.56,Wushi
413,Irma Jovicevic,PO Box 20077,9658.93,Dalgān
414,Hettie Howton,Apt 402,14450.09,Yauca
415,Oriana Morcom,Apt 1716,10769.47,Las Breñas
416,Jeanette McBratney,PO Box 63832,8195.29,Felgueiras
417,Yoshiko Schruyers,17th Floor,10366.76,Tiabaya
418,Faye Downgate,PO Box 76422,6126.93,Arranhó
419,Gabriela Bruin,PO Box 59009,8943.13,Lewobelek
420,Clint Barefoot,PO Box 28322,10030.96,Savalou
421,Westbrook Pavlik,PO Box 63326,6895.7,Surubim
422,Ninnetta Tackell,6th Floor,9748.12,Cavalões
423,Estella Gogan,PO Box 54438,5566.18,Cipanjang
424,Kirby McCahey,Suite 92,6167.47,Kōnan
425,Shirley Inchan,Apt 1380,3888.43,Antas
426,Aldis Ivins,Room 246,2114.08,Hengpi
427,Avis Allibone,Room 1209,7420.23,Nueva Germania
428,Antonie Blaxter,Suite 38,11047.09,Ikata-chō
429,Nev Brunesco,Room 551,2773.73,Chiba
430,Enrico Folker,5th Floor,1570.28,Tucupita
431,Laraine Vakhrushin,Room 386,9530.78,Piñas
432,Fiona Brendeke,19th Floor,3676.25,Barbacoas
433,Gabriello Hargreves,PO Box 28023,4496.38,Draginje
434,Keri Jedrasik,Suite 88,8367.85,Banjar Triwangsakeliki
435,Adoree Pickwell,Suite 33,12016.15,Jamālpur
436,Melita Welch,PO Box 98419,5420.52,Sokodé
437,Kendell Badder,PO Box 82277,8704.08,Dziergowice
438,Damara Lehr,Apt 139,6778.3,Créteil
439,Eirena Roz,20th Floor,5549.21,Ruda-Huta
440,Correy Grayer,PO Box 11654,8337.54,Gentilly
441,Andeee Frow,Room 881,5409.54,Arnhem
442,Stanislaus Sharpus,Room 1481,9919.13,Aconibe
443,Phil Vigors,PO Box 56090,13452.09,Polunochnoye
444,Hayley Moulds,Apt 33,14620.99,Lazaro Cardenas
445,Traver Keeping,1st Floor,3232.47,Thị Trấn Quan Hóa
446,Jackie Capps,Suite 32,14403.05,Kavásilas
447,Lu Marcq,Room 248,8278.57,Baikouquan
448,Locke Clemon,20th Floor,12056.58,Seremban
449,Mandy Farenden,Suite 46,3564.64,Orda
450,Kailey Van der Linde,Apt 1390,13803.72,Batouri
451,Butch Fisk,Suite 96,10628.51,Rajsko
452,Julina Luff,Suite 64,9290.57,Miyazaki-shi
453,Marybeth Stillgoe,Room 89,9579.97,Shazi
454,Roxane Tapply,Apt 856,12834.93,Patea
455,Darius Thomassin,7th Floor,10506.99,Desē
456,Elwin Harry,Suite 38,3012.25,Lagoa do Itaenga
457,Braden Olivey,Suite 92,13796.93,Wulingyuan
458,Dedra Skentelbery,PO Box 86776,2402.74,Yangcheng
459,Titos Goodanew,Room 941,3153.42,Cẩm Phả
460,Lion Grinsted,Apt 1968,9346.76,Shuangjiang
461,Dulciana Brideoke,Apt 1439,2851.34,Maluko
462,Jaynell Furmage,19th Floor,1939.95,Gampingan
463,Rockwell Mattis,20th Floor,6645.0,Tarimbang
464,Twyla Waylett,Suite 85,11709.56,Astromil
465,Sharlene Hamlen,8th Floor,3311.92,Koktal
466,Humbert Larrosa,PO Box 86167,7886.9,Zhoujiaba
467,Melody Breheny,Apt 40,7188.1,Lyon
468,Anastassia Pawfoot,Suite 3,11802.1,Xintian
469,Leyla Goney,Suite 45,13944.47,São Miguel do Iguaçu
470,Gaile Cholomin,Room 505,13970.95,Tajike’abati
471,Kyle Kibbey,Apt 1258,13002.1,Dongfeng
472,Barde Ilyushkin,1st Floor,11502.11,Al Ḩusayn
473,Denny Comrie,Apt 1695,12375.94,Hezhai
474,Laina Eggleston,Room 277,13289.1,Mitú
475,Eulalie Kettlestringe,PO Box 3029,12456.69,Rochefort
476,Freddi Scanderet,PO Box 66573,8377.01,Kudang
477,Jamesy Dowgill,2nd Floor,6670.75,Skhodnya
478,Raimondo Gullivan,Apt 437,3850.08,Nizhnepavlovka
479,Imojean Jansens,Room 1698,10571.81,Limenária
480,Burty Theis,9th Floor,7782.11,Daqian
481,Ingelbert Breznovic,Room 935,10347.42,Pohonsirih
482,Vonny Pentecost,Suite 96,3617.4,Koumac
483,Dru Preshaw,PO Box 89445,3943.42,Shenzhong
484,Brigida Croasdale,Room 1950,2288.05,Kelowna
485,Bambi May,20th Floor,4573.33,Jiguan
486,Ranique Goodwins,Suite 46,8788.33,Medenychi
487,Sorcha Bergeau,PO Box 7372,5251.93,Metsavan
488,Clarence Espinas,PO Box 25437,5149.46,Niebylec
489,Ezmeralda MacDearmaid,15th Floor,13309.0,Täby
490,Dougie Cossentine,Suite 52,4194.55,Colorado Springs
491,Jareb Thorbon,PO Box 5213,4524.37,Cumming
492,Bennett Went,PO Box 11556,9545.51,Liangwa
493,Nathaniel Petraitis,Apt 599,2275.62,Góra Kalwaria
494,Odo Physic,Room 1856,6585.5,Verkhniy Lomov
495,Katine Scrimshaw,16th Floor,14604.64,Uthal
496,Marylee Farfoot,Suite 1,6140.67,Karlskoga
497,Arlan Anespie,8th Floor,2741.7,Monte Leite
498,Tobi Dyshart,PO Box 78214,6606.52,Huanggang
499,Tamarra Elsby,9th Floor,2292.25,Santa Luzia
500,Coralie Enbury,Apt 1612,11740.4,Värnamo
501,Galen Druery,Suite 94,3978.33,Aquin
502,Flor Brimming,Suite 30,3788.2,Al Mayādīn
503,Sharona Beadles,Apt 1728,7227.13,Dinan
504,Hort Armall,4th Floor,12841.92,Ciomas
505,Paulette Kinde,Apt 1090,11466.83,Gvardeysk
506,King Girod,Suite 76,1442.39,Châteauroux
507,Berni Portman,PO Box 90127,2601.74,Tallahassee
508,Claresta Sellars,Apt 62,3046.23,Gjegjan
509,Garnette Gavrielly,PO Box 66067,8243.17,Västanfjärd
510,Dedie Labarre,17th Floor,9965.24,Khanino
511,Junie Younie,Apt 1324,14421.8,Panitan
512,Neda Mocquer,Apt 1702,3418.26,Siyabuswa
513,Teresita Langstaff,PO Box 39312,7095.69,Huyuan
514,Bald Geraud,Room 1970,14840.37,Xingshou
515,Karel Bruno,12th Floor,10003.74,Novogireyevo
516,Lancelot Rapsey,PO Box 37092,2074.92,Ryczywół
517,Edgar Speachley,Suite 39,2705.97,Dve Mogili
518,Westleigh Swaby,PO Box 40483,5032.51,Uppsala
519,Salome Paulet,Suite 54,5666.82,Duwakbuter
520,Elita Dreghorn,2nd Floor,8654.53,Morrito
521,Deana Molnar,Apt 516,12415.33,Chiscas
522,Lew Devereux,Apt 74,4444.95,Wendo
523,Dimitri Sherebrooke,Suite 58,9298.64,Biskamzha
524,Kakalina Limbert,Room 282,8872.01,Miechów Charsznica
525,Katuscha McAughtrie,Room 1763,14083.86,Johanneshov
526,Vic Borsnall,Suite 17,9747.52,Gudja
527,Bree Coghlan,Suite 94,3393.78,Alma
528,Annadiane Dumphry,1st Floor,6237.81,Chum Phae
529,Job Barnard,PO Box 27639,3508.27,Yaogu
530,Celia Andrzejowski,5th Floor,5403.5,Mszana Dolna
531,Amalle Greystock,6th Floor,10756.99,Morro do Chapéu
532,Koressa McAneny,PO Box 25614,6959.19,Peterhof
533,Alysia Wybron,PO Box 96605,7606.59,Haguenau
534,Sigvard Foulis,Apt 1468,5110.97,Kokofata
535,Viva Beavon,Apt 1173,7379.89,Paraguarí
536,Philippa Ollet,Apt 868,1442.56,Kosonsoy Shahri
537,Horten Cuffin,14th Floor,4148.75,Zhuxi
538,Ebeneser Farran,Apt 1793,10654.78,Colmeal
539,Lem Ploughwright,PO Box 7167,7912.69,Açucena
540,Xerxes Ellaman,17th Floor,6279.07,Gradec
541,Giffy Bowhay,20th Floor,8053.95,Puerto de Nutrias
542,Foss Jimenez,Room 737,1522.64,Kampong Thom
543,Morganica Falshaw,Room 773,4622.03,Buda-Kashalyova
544,Brewer de Quincey,9th Floor,14841.03,Vyshneye Dolgoye
545,Carline Saveall,Apt 617,5396.83,Centenary
546,Ilene Critcher,Suite 83,5160.78,Cajazeiras
547,Maxy Goodboddy,PO Box 97565,11719.88,Garhi Khairo
548,Keefe Greenroad,2nd Floor,2534.69,‘Afrīn
549,Neill Mundall,20th Floor,13116.9,Nanyuan
550,Bevon Coombs,PO Box 14890,14019.65,Morelos
551,Milton Pawel,Suite 12,6576.82,Nūbā
552,Gisella Starte,Suite 74,13220.47,La Motte-Servolex
553,Jacqui Birney,Apt 1124,10030.33,Darhan
554,Broddy Tellwright,17th Floor,2604.39,Staronizhestebliyevskaya
555,Emogene Frostick,Apt 1932,12504.16,Huanghua
556,Lauren O' Bee,Suite 7,5981.48,Katrineholm
557,Courtney Mankor,PO Box 34279,11440.19,Luti
558,Luca Ewebank,Room 674,11626.36,Hongguang
559,Carleen Caudell,Room 261,10374.55,Periyiáli
560,Freida Maas,20th Floor,2844.61,Shingū
561,Kyla Kobieriecki,Suite 6,2953.47,Lancang
562,Brantley Furnival,14th Floor,12350.39,Plettenberg Bay
563,Peter Marples,Suite 10,3360.94,Ujungpangkah
564,Tammie Lantuff,Suite 94,7827.21,Niort
565,Desiri Munkley,PO Box 59011,1475.09,Valongo
566,Neale O'Fogarty,Apt 1304,13623.25,Jianggu
567,Kirsteni Highnam,Apt 1199,9264.26,Beilun
568,Gianina Munkley,Room 133,2365.98,Kudirkos Naumiestis
569,Georgi Slograve,PO Box 9194,12919.7,Māwiyah
570,Winnie Waddingham,Apt 1602,8859.79,Sayaq
571,Clerissa McLelland,PO Box 53594,4255.63,Bucay
572,Myrtice Scowen,PO Box 20751,2078.97,Kohila
573,Roselia Francomb,17th Floor,13537.09,Galtek
574,Shannon Drewet,3rd Floor,10647.57,Ilebo
575,Gabey Clemoes,Room 996,11325.29,Arnelas
576,Florinda Stewartson,Suite 77,10817.16,Yongfeng
577,Coreen Jedrzej,PO Box 41473,13906.33,Herāt
578,Doralia Overthrow,Room 1916,8671.56,Rymättylä
579,Cherri de Savery,1st Floor,7516.57,Lleida
580,Fulvia Davley,Room 1468,9015.05,Fuchang
581,Albertina Rowley,Suite 27,2629.46,Huangnan
582,Dot Rusted,Apt 1910,14977.94,Ōtake
583,Maxi Brookson,Room 1713,13066.66,Neiafu
584,Clywd Hovee,Room 215,5766.93,Ditang
585,Dannie Rymell,PO Box 66927,12353.73,Karangsari
586,Charity Pauly,3rd Floor,7828.17,Uście Gorlickie
587,Nate Tuminelli,2nd Floor,14175.94,Sombor
588,Faina Horney,Suite 64,13049.66,Nangka
589,Audra Lindemann,Apt 71,11610.22,Shijiao
590,Correy Spacy,Apt 658,13115.08,Cawayan Bugtong
591,Jinny Pond,Apt 1961,8091.96,Lascano
592,Jorrie Ranger,Room 1919,12943.37,Jiangyin
593,Manya McFall,Room 1849,2328.21,Rio Covo
594,Daffie Rothery,3rd Floor,6628.03,Kamen’-na-Obi
595,Malanie Dami,19th Floor,9997.56,Cergy-Pontoise
596,Christabella Lindfors,Room 520,14392.56,Livingstone
597,Melicent Kleuer,Apt 503,4546.22,Saint-Chamond
598,Johanna McIleen,Room 1361,9013.03,Anka
599,Helsa Ellerington,PO Box 58500,13293.44,Gorelovo
600,Scarlett Burn,PO Box 69167,9811.64,Shangkuli
601,Ramona Ormesher,Suite 28,10134.54,Jaguaquara
602,Tymothy Hastings,Apt 1520,2304.86,Kitchener
603,Emmet Walesa,Suite 79,1577.85,Kuźnia Raciborska
604,Errol Kenwrick,PO Box 40759,5042.3,Potrerillos
605,Clem Lethardy,13th Floor,12196.04,Waldbredimus
606,Harriette Lovie,Suite 44,4363.44,Port Nolloth
607,Glen Merington,PO Box 40630,7502.08,Jianghai
608,Lyssa O' Brian,10th Floor,3166.51,Socabaya
609,Reagan Midner,PO Box 90899,5721.36,Ardino
610,Trixy Calverley,Room 1808,3011.29,Amashca
611,Victoir McKeaveney,Room 700,5405.87,Kauswagan
612,Imelda Brandel,Room 1615,7132.59,Khawrah
613,Mathe Whitehorn,16th Floor,4362.19,Al Ḩarāk
614,Corena Silly,Suite 62,8838.89,Hualin
615,Davy Conville,20th Floor,8515.73,Praia Grande
616,Helene Shyram,PO Box 49117,1655.22,Tampere
617,Sigfrid Whitehurst,Suite 18,11763.41,Wahang Dua
618,Wally Davers,PO Box 16239,14756.77,Xiaxi
619,Gareth Birkbeck,Apt 1121,2424.33,Raga
620,Jackie Bentke,Suite 58,8002.88,Salvador
621,Luigi Whitebrook,Suite 31,9588.9,Angered
622,Merwyn Bollini,13th Floor,7353.45,Peresvet
623,Ruperta O'Duane,Suite 27,6882.92,Igir-igir
624,Brady Ivakhno,Room 320,7813.25,Huji
625,Zorana Hamly,Room 953,2735.68,Cértegui
626,Charline Dobbing,Room 423,13426.4,Philadelphia
627,Thorsten Sollars,PO Box 43498,14667.83,Curug
628,Meris Plimmer,Room 563,7011.06,Danyang
629,Hill Zorzini,PO Box 33540,8226.24,Roslavl’
630,Ingeberg Alyoshin,PO Box 47382,11693.73,Tsagaan-Ovoo
631,Lora Mordey,Apt 118,11444.09,Tyrnyauz
632,Benetta Olifard,PO Box 37945,11771.08,Krajan Battal
633,Bel Balharry,PO Box 36878,2093.72,Stockholm
634,Kennett Sargeaunt,Apt 1415,12570.94,Santa Cruz
635,Franny Adriaens,Apt 728,14871.37,Irákleion
636,Ardra Shillaber,Suite 70,13017.21,Puji
637,Katti Grayham,PO Box 35868,3218.33,Walenrang
638,Artur McCumesky,Suite 3,5449.92,Yousheng
639,Keriann Brewett,PO Box 3964,6338.97,Sinait
640,Ignacius Gudgen,Apt 395,12339.35,Loma Bonita
641,Devlin Poser,PO Box 6893,13872.95,Dukuhsia
642,Darell Miners,18th Floor,12531.34,Kaduheuleut
643,Rebekah Haldene,PO Box 93960,12735.76,Macun
644,Natassia Castan,Apt 1419,10876.46,Osveya
645,Maxie Snelgrove,PO Box 9951,12156.22,Shikeng
646,Madelon Seth,Apt 1077,1509.27,Subic
647,Farrell Cone,PO Box 4580,1938.13,Sugihwaras
648,Jorry Waber,Apt 1471,7656.94,Banqiaodian
649,Eleonore Sturror,18th Floor,11892.78,Przyborów
650,Venita Merrydew,Suite 1,13345.27,Kedungbanteng Krajan
651,Emiline Lettington,20th Floor,5757.61,Żyraków
652,Eveline Boerderman,PO Box 55819,3210.92,Firá
653,Mignon Millsap,Suite 65,4717.17,Lembanah
654,Willy Foxall,Room 1298,2152.41,Xiumei
655,Davidde Colbran,Apt 157,3279.86,Pappadátes
656,Pam Wharin,Room 1751,13671.81,Kybartai
657,Aloysius MacMillan,Apt 733,10058.44,Al Fākhūrah
658,Woodie Rowaszkiewicz,10th Floor,13746.28,Fontenay-sous-Bois
659,Jose Aggiss,Room 576,11153.25,Orekhovo-Zuyevo
660,Mead Hinchshaw,8th Floor,7551.03,Tianxing
661,Serge Bruhn,Suite 12,10831.59,Alexandria
662,Iago Behagg,Room 1097,4793.83,Xinzhou
663,Redford Rennix,PO Box 29063,8165.98,Liujiachang
664,Ettore Accum,PO Box 78956,6921.9,Bobon
665,Maud Dalgety,Suite 1,6549.49,Marčelji
666,Peri Skitterel,Room 328,12890.19,Ehu
667,Catriona Gabbidon,Apt 1119,8847.55,Gagarin
668,Meredithe Harwell,17th Floor,12739.93,Podol’sk
669,Seamus McAne,Room 535,5117.02,Castanheira
670,Loralyn Glawsop,Apt 583,3238.14,Barrancabermeja
671,Fanchon Plume,20th Floor,14730.56,Madison
672,Heida Bramah,Room 1417,10145.23,Batusangkar
673,Janie O'Donnelly,10th Floor,3108.86,Antwerpen
674,Kelbee Fairtlough,Room 609,4509.98,Donostia-San Sebastian
675,Darla Churches,Suite 1,11312.27,Khok Charoen
676,Corry Stood,6th Floor,1585.76,Parabcan
677,Pattie Pritchett,Room 1581,12741.85,Evansville
678,Persis Mervyn,PO Box 54412,5801.62,La Rochelle
679,Debora Osborne,Room 854,5466.95,Ban Houayxay
680,Lorelle Ros,11th Floor,11787.73,Monte
681,Franciska Mattschas,Suite 81,4565.77,Laocheng
682,Tessy Sey,3rd Floor,1987.15,Fushë-Muhurr
683,Aundrea Tyer,11th Floor,2727.98,Verkhniy Baskunchak
684,Peggy Torrese,16th Floor,5659.74,Laojunmiao
685,Sheeree Bolin,Apt 697,7402.85,Horvati
686,Maddy Hodgets,Suite 44,10876.84,Bang Nam Priao
687,Hamish Brownstein,Apt 584,10622.87,Teongtoda
688,Ingmar Kenner,18th Floor,6937.26,Baruta
689,Cassandre Shrawley,PO Box 26008,9598.22,Al Khushnīyah
690,Reynold Woodrup,PO Box 80176,10319.9,Banjar Petak
691,Myriam MacGrath,PO Box 8365,6280.98,Zemio
692,Reinaldos Grishin,4th Floor,4867.09,Valencia
693,Austina Watchorn,PO Box 30310,1578.04,Qihama
694,Perry Forson,Apt 558,4434.15,Cawayan
695,Sayer Brotheridge,Apt 385,7866.99,Luojiang
696,Sabrina Mayall,PO Box 32298,2403.29,Yacuíba
697,Angelica Novichenko,Suite 7,14341.32,Turka
698,Any de Broke,Apt 1314,8505.84,Jati
699,Joe Harme,7th Floor,14359.21,Huating
700,Eydie Slayford,Apt 391,6938.24,Comodoro Rivadavia
701,Thedrick Vango,Room 1607,14905.13,Dushan
702,Tam Pischof,12th Floor,7000.37,Kými
703,Gawain McCorrie,Room 287,4498.19,Agboville
704,Ryan Clapperton,Suite 56,11386.95,Bang Kruai
705,Alleyn Featherby,Suite 15,6381.57,Patemon
706,Venita Sudy,Apt 1526,10580.75,Montpellier
707,Hamlen Moulsdale,PO Box 15361,11659.73,Noginsk-9
708,Winslow Birtchnell,Suite 72,6599.34,Changsu
709,Husain Plows,Apt 571,5003.86,Cherven Bryag
710,Nerissa Sulter,Apt 271,2083.36,Sari
711,Dilan Robyns,Apt 1024,11886.65,Santa Fe
712,Gusella Stanyforth,Apt 1855,8625.6,Zhongxi
713,Cindra Antonov,Apt 449,5320.02,La Unión
714,Franky Rowe,PO Box 90264,1636.24,Centurion
715,Olimpia Tawton,Suite 62,13954.94,Bucaramanga
716,Shaun Gleave,Room 1310,8194.25,Lučina
717,Grove Symcock,4th Floor,2137.31,Tongchuan
718,Rutter Northall,PO Box 62519,5014.67,Hậu Nghĩa
719,Tildi Blencowe,Room 1789,3930.36,Itéa
720,Veronika Stearndale,18th Floor,5550.2,Działoszyce
721,Cecil Gokes,3rd Floor,9077.71,Tiandeng
722,Jerri Fritchly,PO Box 60833,10115.93,Yambrasbamba
723,Pooh Knatt,Suite 96,3404.46,Amashca
724,Brooks Curd,3rd Floor,6894.25,Birobidzhan
725,Corrie Scullard,Apt 1709,9340.14,Kulunda
726,Davide O'Sheerin,Room 899,10255.22,Kashihara
727,Ida Lowndes,Apt 1760,1686.14,Anáfi
728,Nathan Braisted,Suite 88,10295.69,Ribeiro
729,Marty Kits,Room 135,10378.28,Gardanne
730,Benita Scotney,Apt 1190,10449.24,Zhaigang
731,Tallulah MacKimm,PO Box 59630,8737.03,Heshang
732,Muriel Devorill,Apt 1611,5054.65,Tanqiao
733,Dane Ellesworthe,Room 1035,4012.7,Bontoc
734,Prudy Wagnerin,Apt 1601,2131.83,San Juan
735,Florina Melesk,Room 746,7205.04,Taverny
736,Darryl Pacquet,Suite 8,7120.8,Göteborg
737,Evangelia Whitney,2nd Floor,5120.18,Aral
738,Cher Poulter,PO Box 41587,12259.6,Arzakan
739,Flin Scrafton,Suite 78,3643.77,Wengaingo
740,Milly Giocannoni,PO Box 55564,4875.44,Jingpeng
741,Arlyne McKeag,PO Box 65273,4769.39,Izumiōtsu
742,Barny Tredinnick,Apt 1752,4376.29,Itapissuma
743,Connie Thyer,Room 1832,3151.72,Villa Santa Rita
744,Natty Joutapavicius,Apt 801,9162.88,Geyuan
745,Gratiana Gaskoin,Room 608,5075.34,Caijiang
746,Terza Wanless,Room 1527,6389.46,Sosnowiec
747,Karmen Wenden,Apt 889,13502.61,Las Trojes
748,Laurent Heffy,6th Floor,10776.5,Ganpu
749,Ronda Curgenuer,Apt 595,3462.83,Segovia
750,Jaquenetta Reedshaw,13th Floor,2800.38,Nikhom Phattana
751,Skyler Hanhard,Room 1848,10576.48,Phu Loc
752,Lucas Pashley,Apt 1222,10194.47,Miskolc
753,Wilhelmine Galliard,PO Box 57540,12488.34,Hanyuan
754,Hurlee Kildea,Suite 60,9814.39,Ul
755,Maggi Awdry,Suite 30,4348.72,Llacanora
756,Wendie Golley,Apt 1706,12445.49,Novopokrovka
757,Christi Darker,Suite 71,1425.03,Badovinci
758,Korella Verheijden,Room 1359,6806.98,Stuttgart
759,Deane Samson,PO Box 22346,9777.16,Bošnjaci
760,Tarrah Espine,Suite 66,13742.42,Mesiméri
761,Kitty Swettenham,Suite 22,9702.99,Thākurgaon
762,Bathsheba Ibbott,Apt 101,7894.07,Kofelē
763,Deanne McKune,Room 847,11894.09,Beidaihehaibin
764,Riccardo Abdon,Apt 511,13670.05,Bakungan
765,Gilligan Dunster,Apt 1555,13381.79,Zhong’an
766,Otho Curnokk,Suite 48,1983.32,Hanover
767,Berget Mendus,Apt 1255,12887.56,Mahdia
768,Law Mancell,14th Floor,5520.7,Zhumadian
769,Kala Rosenau,3rd Floor,6676.59,Lazaro Cardenas
770,Kassi Hardern,Room 1613,9632.5,Gupakan
771,Gonzales Elderfield,Room 1899,6290.63,Beverwijk
772,Barrie Leighfield,10th Floor,6176.85,Pegões
773,Gertrude Karlowicz,Suite 34,10878.97,Klang
774,Jedediah Tipping,Room 837,5495.41,Marcos Juárez
775,Dorris Storres,Suite 72,6832.32,Bertoua
776,Leona Matteotti,Suite 34,8939.18,Moundou
777,Angelle Fettis,20th Floor,4545.55,Kostomuksha
778,Ingmar Klimp,Suite 8,2916.28,Cerna
779,Phillie Nutter,Apt 494,12840.41,Port Antonio
780,Patsy Kennewell,6th Floor,10485.59,Uwajima
781,Marybeth Skocroft,Room 61,4182.65,Curridabat
782,Edith Beeken,Apt 190,13510.44,Měřín
783,Dilan Titford,Apt 1911,10325.7,Dukuhsia
784,Peta Lehrle,Suite 86,11924.93,Owerri
785,Web Rosell,PO Box 55119,14781.06,Menongue
786,Kipp Spinnace,Suite 3,8381.51,Sirinhaém
787,Jacquenetta Evreux,Room 423,5073.66,Arcos
788,Rooney Eslie,Room 162,8068.61,Az Ziyārah
789,Jarib Prester,Suite 14,5425.74,Yunyan
790,Zarah Gierke,Suite 34,8303.26,Stamboliyski
791,Mei Handman,Room 1527,5407.3,Cachí
792,Chanda McPhaden,Room 711,11747.91,Daga
793,Deeann McKibbin,PO Box 72649,13731.4,Sélibabi
794,Anastasie Girodias,Room 1190,5188.37,Huoshaoping
795,Kippie Chansonnau,PO Box 10606,14485.03,Korniyivka
796,Archaimbaud Le Surf,Room 687,3836.71,Sukorejo
797,Hardy Dunge,Apt 1903,2830.31,Višňova
798,Nanice Mila,Room 448,6028.96,Vila Ribeiro
799,Chantal Wordsley,PO Box 74444,6641.06,Finspång
800,Renato Pundy,PO Box 89491,11780.41,Leone
801,Sarene O'Currine,Apt 1592,13682.61,Tambakan
802,Katerine Pedwell,PO Box 59729,9376.89,Bāgh-e Malek
803,Corabel Delacourt,PO Box 21517,4151.29,Dresden
804,Cobbie Kuhlmey,5th Floor,6943.33,Filiátes
805,Candice Catanheira,Room 813,4237.3,Columbia
806,Ethan Toun,Suite 57,10121.83,Gandapura
807,Ker MacAlees,15th Floor,7139.42,Ruen
808,Maxine Cubberley,Suite 33,3275.48,Roanne
809,Tamma Van Waadenburg,Apt 1929,9697.74,Krajan
810,Lucretia Wolstencroft,Suite 26,2677.35,Supu
811,Aymer Saffin,Room 1941,12592.39,San Jose
812,Norris Shawcross,Suite 7,5059.14,Kawanishi
813,Patricio Pinxton,Room 507,6996.25,Pocpo
814,Iseabal Bentham,17th Floor,7301.78,Sanxianling
815,Waylen O'Bradden,5th Floor,3650.83,Glinojeck
816,Davita Wyvill,10th Floor,9191.14,Kara Suu
817,Farrel McCory,14th Floor,4704.68,Oklahoma City
818,Earvin Bengough,PO Box 39647,8580.06,Lakkíon
819,Mariette Larn,Suite 53,9633.68,Quebradas
820,Opal Jermy,20th Floor,14766.67,Tojeira
821,Brigitta Lickess,PO Box 81920,9489.19,Göteborg
822,Mab Iacofo,PO Box 45125,12225.1,Ambatofinandrahana
823,Jenna Zanotti,Suite 92,9742.49,Mwembe
824,Fraser Extil,Apt 988,6046.86,Vogan
825,Kerri Varndall,Apt 131,6611.47,Najiaying
826,Garreth Colrein,Room 69,11592.14,Babakanjaya
827,Hilton Mepham,Suite 84,2035.31,Qalaikhumb
828,Sonnie Oxbrough,Room 1906,7425.36,El Limón
829,Caroline Mouse,PO Box 92195,12401.22,Tairan Camp
830,Rosaleen Loton,12th Floor,9128.26,La Gacilly
831,Constantine Drejer,Room 814,1830.12,Yungay
832,Pauly Krzyzanowski,Apt 1550,3174.41,Katabu
833,Andrej Dran,Room 1105,13140.17,Kālīganj
834,Kennett Clemits,PO Box 75552,14578.28,Fatumuti
835,Tiffie Heinrici,Room 1146,8004.19,Tha Ruea
836,Vittoria Alvis,6th Floor,4778.19,Karpacz
837,Noll Chesley,Suite 87,6590.73,Shirgjan
838,Muriel Frostick,Room 1113,2188.02,Sanjiang
839,Josiah Thorowgood,PO Box 40606,11321.12,Duisburg
840,Gasper Entwhistle,Suite 71,8324.99,Tangshan
841,Hillary Druce,Room 377,9889.36,Argotirto Krajan
842,Aline Ferroli,Suite 2,2131.38,Biaokou
843,Paulette Dunguy,PO Box 92301,12535.58,Chalaco
844,Coralie Kearford,Apt 1963,4920.38,Meghrashen
845,Becky Fowls,Room 1603,5011.84,Kentville
846,Rhys Harriman,20th Floor,11525.3,Suchy Las
847,Lindon Rowthorn,PO Box 63044,5523.99,Novominskaya
848,Saxe Tuminini,7th Floor,4354.74,Borås
849,Jemimah Boniface,PO Box 81804,13170.7,Vahdat
850,Kelvin Scothron,PO Box 96490,14368.38,Freetown
851,Marcile Crosfeld,10th Floor,4407.4,Fucheng
852,Elyssa Leopard,Apt 1205,5610.28,Stockholm
853,Viva Andrat,2nd Floor,2190.62,Mitry-Mory
854,Ramonda Condell,Suite 91,3183.77,Dobra
855,Stormy Ecclesall,Suite 71,8720.42,Nagato
856,Der Cocher,PO Box 16394,7626.74,Sebadelhe
857,Evelin Schankel,Apt 958,14035.23,Áno Liósia
858,Flory Redihough,Apt 600,7818.12,Anibare
859,Jeri Hyam,Room 589,14126.79,Mertzig
860,Udall Udell,Suite 91,7807.04,Helsingborg
861,Nikaniki Penke,Apt 1618,9141.07,Lappi
862,Darbee Jebb,Apt 88,5428.44,Gizo
863,Ida Sales,Room 1626,8840.09,Komaki
864,Elinor Lander,Room 1845,7675.14,Kraslice
865,Tilda Hudspith,14th Floor,14079.65,Néa Róda
866,Christie Tock,Apt 330,12528.35,Skellefteå
867,Abelard Adam,Room 1841,14932.36,Fojo
868,Virginia Benasik,PO Box 24907,3363.61,Borovo
869,Zane Welbrock,Room 600,10609.77,Bộc Bố
870,Urban Cowerd,PO Box 11411,9483.85,Norsborg
871,Willyt Taylorson,Apt 1255,10399.21,Ol’gino
872,Ami McGraw,Suite 5,5753.9,Ban Dan
873,Ruthann Bryceson,16th Floor,2506.12,Siqian
874,Lukas Buttress,20th Floor,5829.22,Pôsto Fiscal Rolim de Moura
875,Avigdor Steanson,11th Floor,5296.83,Abū Sunbul
876,Marv Scyner,Apt 1576,5601.34,Brandsen
877,Marian Zieme,PO Box 60529,12181.32,Sokółka
878,Milton Point,Apt 871,14088.78,Tulusmulyo
879,Leslie Cheyne,Apt 586,14899.85,Pangpang
880,Caryl Castellino,PO Box 77921,7339.79,Jianggang
881,Page Asty,Apt 420,12911.37,Budzów
882,Anabal Maymand,PO Box 87045,8078.48,Huangtang
883,Joella Awty,Apt 877,3308.31,Cegłów
884,Justus Gatfield,13th Floor,12443.06,Ruše
885,Muffin Sphinxe,PO Box 85849,1917.16,Montecillo
886,Skell Ohlsen,10th Floor,4292.17,Cerro Colorado
887,Melba Billin,Apt 1745,5371.18,Yasnogorsk
888,Frazier Canty,5th Floor,14406.72,Chambas
889,Tanney Floyde,PO Box 81732,4821.1,Galveias
890,Linn Wiffler,11th Floor,14012.73,Shengao
891,Isis Vreiberg,Apt 355,13375.56,Lewotukan
892,Godwin Swayte,Room 1920,10088.94,Chikwawa
893,Nessie Darrigrand,Room 1909,3468.32,Dubna
894,Julio Nock,PO Box 26181,7044.41,Dahe
895,Sheridan Mundie,PO Box 53245,12053.66,Lewoeleng
896,Winthrop Ovitz,PO Box 68902,11826.74,Ngori
897,Ford McEvilly,Apt 514,13889.39,Cayenne
898,Herman Chittie,Suite 8,14991.24,Val-d'Or
899,Lola Gosdin,Room 931,4928.99,Chenjiatan
900,Gibb Jennings,Suite 72,5082.94,Verenchanka
901,Delia MacTrustie,Suite 86,2417.34,Mangdang
902,Alasdair Lidgerton,Apt 1637,5315.2,Goascorán
903,Rianon Kleint,Suite 21,2882.75,Saurama
904,Ewell Magauran,Room 897,11886.19,Jedlnia-Letnisko
905,Collete Cullivan,Suite 80,10272.2,Agadez
906,Gianina Kees,Apt 476,4467.28,Shar
907,Lenka Niesegen,Room 1729,12264.77,Jetis
908,Elora Tregaskis,Room 1461,6742.32,Jīwani
909,Hilly Brisley,Room 1713,11036.05,Liuzhuang
910,Isabeau Bargery,18th Floor,8765.97,Pedro Juan Caballero
911,Phebe Ahlf,Apt 1483,12787.76,Konza
912,Opal Enevoldsen,PO Box 2658,9134.26,Martigues
913,Hewie Jeenes,PO Box 18912,13517.32,Masaraway
914,Babette Petruska,Room 1846,8930.08,Profítis Ilías
915,Jemmie Leddie,Suite 57,13194.4,Wasquehal
916,Bili Routley,Room 1664,2008.21,Kema
917,Port Iacofo,Room 917,12391.39,Lyskovo
918,Fifine Livick,Room 337,10649.61,Tolstoy-Yurt
919,Lonnie Cutress,17th Floor,7193.46,Shikhazany
920,Maxi Kares,Apt 1714,14928.5,Seversk
921,Bent Booy,10th Floor,13263.98,Karanggintung
922,Anni Lapwood,Suite 73,4189.31,Una
923,Oralee D'Antuoni,5th Floor,10698.72,Sil-li
924,Frederich Devlin,Room 1966,13791.44,Blois
925,Minnie Luton,Suite 56,4851.69,Benešov
926,Vladamir Nadin,Apt 1067,12257.45,Dresden
927,Lutero Dakhov,9th Floor,2558.35,Benjamin Constant
928,Evelyn Kermott,Suite 52,14485.14,Chuzhou
929,Marlene Vannuchi,Apt 1895,12660.83,Rakhmanovo
930,Junette Hakonsson,16th Floor,10880.91,Xingzi
931,Mirilla Spurret,Suite 71,8220.2,Zbrosławice
932,Trudy Theuss,10th Floor,5235.74,Canaman
933,Roth Berks,Room 1905,7315.04,Yenangyaung
934,Thayne Finnie,Room 1207,4009.8,Taclobo
935,Octavius Baldung,PO Box 64997,3970.81,Cabcaben
936,Jared Lindores,Suite 95,3804.98,Sekararum
937,Georgie Pescod,12th Floor,5128.21,Kuwait City
938,Doreen Rolley,Suite 72,9305.63,Bajo
939,Minette Gavan,PO Box 10411,5969.13,Tando Muhammad Khān
940,Christalle Anker,PO Box 72259,4727.83,Phak Hai
941,Reggi Kleyn,Apt 907,13489.77,Mirecourt
942,Mychal Poley,Apt 1533,14780.14,Kertosari
943,Elonore Moller,Room 1127,11723.05,Wongaya Kaja
944,Mirabella Morena,PO Box 74001,7543.79,Paris 15
945,Karin Ticksall,Room 1312,10528.75,Varjota
946,Gabriell Jaksic,PO Box 77834,10054.42,Sivaki
947,Lexi Ert,Suite 49,5446.12,Pelabuhanratu
948,Vin Tradewell,Room 1386,6781.33,Segbwema
949,Nikos Margach,Apt 1804,6113.93,Riosucio
950,Christoper Bonifant,7th Floor,12112.8,Tailing
951,Daffy Sivell,Suite 67,5354.39,Oro Verde
952,Klarrisa Velasquez,PO Box 46866,14689.53,Isojoki
953,Giulietta Trevett,PO Box 83639,10012.45,Pulong Sampalok
954,Husein Lording,Room 1228,4242.71,Ratíškovice
955,Roana Mazzia,Room 1845,7119.67,Shahumyan
956,Eldon Adlard,3rd Floor,8877.8,Urug
957,Darrin Yemm,7th Floor,6350.36,Nieuw Nickerie
958,Elysee Treagus,Apt 817,5496.61,Guapimirim
959,Claire Dilliston,Suite 29,12154.17,Kipen’
960,Bryce Peinke,PO Box 58960,14224.69,Sancang
961,Jenni Scandroot,4th Floor,14570.41,Bensonville
962,Alaster Baptie,Apt 478,5033.73,Marseille
963,Doy Brymham,19th Floor,3087.56,Kudowa-Zdrój
964,Gibbie Lezemere,Suite 96,4050.12,Laixi
965,Wallas MacNally,20th Floor,12573.07,Jiancheng
966,Moyna Halse,PO Box 32248,2906.33,Hairag
967,Brit Kasperski,20th Floor,2664.86,Calango
968,Cesya Wych,Apt 1348,2202.16,Arevashogh
969,Anton Jotham,1st Floor,6911.71,Orléans
970,Justin Vernham,PO Box 39674,5647.55,Mandalay
971,Patrizius Nemchinov,Room 927,4023.66,Kotakaya Dua
972,Dalli Crimmins,Suite 12,1621.65,Cabagan
973,Tori Filippone,11th Floor,5567.77,Tonj
974,Bealle Creighton,Suite 12,7519.45,Anxi
975,Alexandr Di Gregorio,Apt 476,4858.6,Oslo
976,Jeannie Burberye,16th Floor,14071.62,Mertert
977,Lia Thorington,12th Floor,7317.93,Gampaha
978,Claudia Corkell,Apt 217,8407.24,Dayou
979,Ker Bernat,PO Box 19558,4370.83,Koźle
980,Rois Tumilson,Room 959,7688.5,Kaputian
981,Rebecca Lucia,Suite 40,8841.43,Pinillos
982,Dusty Verillo,PO Box 59713,3681.23,Bratslav
983,Willy Colliber,5th Floor,3743.09,Burla
984,Catharine Fritschmann,PO Box 51604,4315.67,Verkhniy Dashkesan
985,Roxy Pavlasek,Suite 65,11104.82,Khasht’arrak
986,Townsend Wilding,Suite 94,13623.32,Porta
987,Michael Claiden,Room 638,14643.36,Ménaka
988,Jessie Garratty,Room 1624,1528.48,Baclayon
989,Errick Elijahu,Room 928,9997.4,Gunem
990,Mendie Wenden,Suite 21,3430.1,Sojo
991,Rem Linnitt,Suite 81,10454.53,Biyang
992,Benedicto Lapslie,PO Box 92634,14849.82,Philipsburg
993,Mario Labram,Room 1012,12088.13,Rudnyy
994,Grantham Toope,Room 1751,10796.26,Chư Ty
995,Pate Tuffs,Suite 18,12305.49,Havirga
996,Frederick Kupke,PO Box 90661,2719.16,Zhixia
997,Tabbie Shipston,10th Floor,14584.82,Tarakaniv
998,Ingunna Maseyk,Apt 925,8372.67,Nicoya
999,Morten Gatecliffe,Suite 53,12228.16,Vélo
1000,Valeria Lehemann,14th Floor,14905.14,Caluire-et-Cuire
